{"cameraMode":{"drawMode":0,"name":"Shaded","section":"Shading Mode"},"sceneLighting":false,"audioPlay":false,"sceneViewState":{"m_AlwaysRefresh":false,"showFog":true,"showSkybox":false,"showFlares":true,"showImageEffects":true,"showParticleSystems":true,"showVisualEffectGraphs":true,"m_FxEnabled":true},"in2DMode":false,"pivot":{"x":559.0748291015625,"y":943.8494262695313,"z":13.88916015625},"rotation":{"x":-0.01738888770341873,"y":-0.0002899800892919302,"z":-0.000005677752142219106,"w":0.9998521208763123},"size":669.1918334960938,"orthographic":false}