{"cameraMode":{"drawMode":0,"name":"Shaded","section":"Shading Mode"},"sceneLighting":false,"audioPlay":false,"sceneViewState":{"m_AlwaysRefresh":false,"showFog":true,"showSkybox":false,"showFlares":true,"showImageEffects":true,"showParticleSystems":true,"showVisualEffectGraphs":true,"m_FxEnabled":true},"in2DMode":false,"pivot":{"x":-0.028801515698432924,"y":0.7809048295021057,"z":-0.05026882886886597},"rotation":{"x":0.17870177328586579,"y":-0.23535127937793733,"z":0.044069789350032809,"w":0.9543270468711853},"size":0.47747740149497988,"orthographic":false}